{
  "files": [
    {
      "filepath": "C:/Projects/agentic-dashboard/src/utils/parseAgentFrontmatter.bench.ts",
      "groups": [
        {
          "fullName": "src/utils/parseAgentFrontmatter.bench.ts > parseAgentFrontmatter",
          "benchmarks": [
            {
              "id": "820181980_0_0",
              "name": "small (5-line frontmatter)",
              "rank": 2,
              "rme": 0.18529872712570983,
              "samples": [],
              "totalTime": 500.00059999999417,
              "min": 0.001099999999951251,
              "max": 0.33320000000003347,
              "hz": 800283.0396603618,
              "period": 0.0012495579069430206,
              "mean": 0.0012495579069430206,
              "variance": 5.584182995337308e-7,
              "sd": 0.0007472739119852444,
              "sem": 0.000001181334130746979,
              "df": 400141,
              "critical": 1.96,
              "moe": 0.0000023154148962640788,
              "p75": 0.0012000000001535227,
              "p99": 0.0024000000000796717,
              "p995": 0.0027000000000043656,
              "p999": 0.0060000000000854925,
              "sampleCount": 400142,
              "median": 0.001199999999926149
            },
            {
              "id": "820181980_0_1",
              "name": "medium (~40-line body)",
              "rank": 3,
              "rme": 1.6315221464833096,
              "samples": [],
              "totalTime": 500.00130000007925,
              "min": 0.0013999999996485712,
              "max": 3.9959000000001197,
              "hz": 595416.4519171306,
              "period": 0.0016794967569004607,
              "mean": 0.0016794967569004607,
              "variance": 0.00005818675087066947,
              "sd": 0.0076280240475938114,
              "sem": 0.000013980286499132639,
              "df": 297708,
              "critical": 1.96,
              "moe": 0.00002740136153829997,
              "p75": 0.0016000000000531145,
              "p99": 0.0029999999999290594,
              "p995": 0.003400000000056025,
              "p999": 0.0078000000003157766,
              "sampleCount": 297709,
              "median": 0.0015000000000782165
            },
            {
              "id": "820181980_0_2",
              "name": "large (~10 KB body)",
              "rank": 4,
              "rme": 0.5300340335043114,
              "samples": [],
              "totalTime": 500.0009999998638,
              "min": 0.001299999999901047,
              "max": 0.694300000000112,
              "hz": 584330.8313384965,
              "period": 0.0017113592957423648,
              "mean": 0.0017113592957423648,
              "variance": 0.000006257594854858295,
              "sd": 0.002501518509797258,
              "sem": 0.000004627952399476651,
              "df": 292165,
              "critical": 1.96,
              "moe": 0.000009070786702974235,
              "p75": 0.0017000000002553861,
              "p99": 0.003400000000056025,
              "p995": 0.0037999999999556167,
              "p999": 0.010999999999967258,
              "sampleCount": 292166,
              "median": 0.0014000000001033186
            },
            {
              "id": "820181980_0_3",
              "name": "edge (no frontmatter)",
              "rank": 1,
              "rme": 0.5392482965500903,
              "samples": [],
              "totalTime": 500.00010000000293,
              "min": 0.0001999999999497959,
              "max": 0.431999999999789,
              "hz": 3323005.3353989134,
              "period": 0.0003009324087889116,
              "mean": 0.0003009324087889116,
              "variance": 0.0000011389495140620994,
              "sd": 0.0010672157767115792,
              "sem": 8.279453511027348e-7,
              "df": 1661502,
              "critical": 1.96,
              "moe": 0.0000016227728881613603,
              "p75": 0.0003000000001520675,
              "p99": 0.0007999999997991836,
              "p995": 0.0009000000000014552,
              "p999": 0.0014000000001033186,
              "sampleCount": 1661503,
              "median": 0.00029999999969732016
            }
          ]
        }
      ]
    },
    {
      "filepath": "C:/Projects/agentic-dashboard/src/utils/parseSkillFrontmatter.bench.ts",
      "groups": [
        {
          "fullName": "src/utils/parseSkillFrontmatter.bench.ts > parseSkillFrontmatter",
          "benchmarks": [
            {
              "id": "591521064_0_0",
              "name": "small (no args)",
              "rank": 2,
              "rme": 0.37688283881368756,
              "samples": [],
              "totalTime": 500.00010000001873,
              "min": 0.0005999999998493877,
              "max": 0.32809999999994943,
              "hz": 1276865.744626803,
              "period": 0.0007831676933993367,
              "mean": 0.0007831676933993367,
              "variance": 0.0000014478562242864917,
              "sd": 0.0012032689742058887,
              "sem": 0.0000015059309365077027,
              "df": 638432,
              "critical": 1.96,
              "moe": 0.000002951624635555097,
              "p75": 0.0008000000000265572,
              "p99": 0.0015000000000782165,
              "p995": 0.0017000000000280124,
              "p999": 0.002599999999802094,
              "sampleCount": 638433,
              "median": 0.0007000000000516593
            },
            {
              "id": "591521064_0_1",
              "name": "medium (6 args)",
              "rank": 3,
              "rme": 2.5301247718254154,
              "samples": [],
              "totalTime": 500.0024999999696,
              "min": 0.0033999999996012775,
              "max": 6.346000000000004,
              "hz": 240478.7976060266,
              "period": 0.004158370758482781,
              "mean": 0.004158370758482781,
              "variance": 0.0003464711828510846,
              "sd": 0.01861373640221341,
              "sem": 0.000053679575849345535,
              "df": 120239,
              "critical": 1.96,
              "moe": 0.00010521196866471725,
              "p75": 0.004100000000107684,
              "p99": 0.00839999999993779,
              "p995": 0.009999999999990905,
              "p999": 0.016900000000077853,
              "sampleCount": 120240,
              "median": 0.0036999999999807187
            },
            {
              "id": "591521064_0_2",
              "name": "large (50 args)",
              "rank": 4,
              "rme": 0.7117634812875535,
              "samples": [],
              "totalTime": 500.00969999995823,
              "min": 0.02570000000014261,
              "max": 1.0497999999997774,
              "hz": 32725.36512791925,
              "period": 0.030557336674201446,
              "mean": 0.030557336674201446,
              "variance": 0.00020148985739718527,
              "sd": 0.014194712304135835,
              "sem": 0.00011096732821482375,
              "df": 16362,
              "critical": 1.96,
              "moe": 0.00021749596330105454,
              "p75": 0.03099999999994907,
              "p99": 0.05940000000009604,
              "p995": 0.07100000000036744,
              "p999": 0.21219999999993888,
              "sampleCount": 16363,
              "median": 0.027000000000043656
            },
            {
              "id": "591521064_0_3",
              "name": "edge (no frontmatter)",
              "rank": 1,
              "rme": 0.2918560688312763,
              "samples": [],
              "totalTime": 500.00000000029377,
              "min": 0,
              "max": 0.37750000000005457,
              "hz": 16563951.999990268,
              "period": 0.00006037206579689361,
              "mean": 0.00006037206579689361,
              "variance": 6.693162284395548e-8,
              "sd": 0.00025871146639442846,
              "sem": 8.989772342196185e-8,
              "df": 8281975,
              "critical": 1.96,